"Luma.Green — Industry, Material & By-Product Circular Marketplace",,,,,,,
"Purpose: connect generators, collectors, yards, pre-processors, recyclers, processors and manufacturers around traceable material transformations.",,,,,,,
KPI,Value,,Platform operating model,,,,
Industry rows,100,,Generator,"Creates source record, pickup request and origin evidence",,,
Industry groups,13,,Collector / Saathi,"Collects, weighs and records hand-off",,,
Material lifecycle rows,34,,Kabadiwala / DWC,"Sorts, grades and aggregates",,,
By-product rows,31,,Yard,Bales / consolidates / trades bulk lots,,,
Workflow stages,13,,Pre-processor,Transforms material into a marketable intermediate,,,
Core user roles,12,,Recycler / Processor,Recovers or reprocesses into industrial feedstock,,,
,,,Manufacturer,Consumes secondary raw material / makes product,,,
,,,Residual handler,Controls non-recoverable / regulated residue,,,
"Critical design principle: every material transaction should record what the material was BEFORE processing, what the user made, what secondary streams came out, and who can buy each resulting grade.",,,,,,,
Industry group,Taxonomy rows
Chemical / Pharma,10
Metals / Foundry,10
Automotive / ELV,5
Electronics / Batteries,8
Plastics / Rubber / Tyres,12
Food / Agro / Dairy,10
Oil / Used Oil,4
Paper / Printing,5
Textile / Leather,7
Wood / Biomass,5
Mining / Cement / Glass,10
Energy / CBG / Utilities,6
Environmental / Recovery,6
Industry groups in this taxonomy,13
Chemical / Pharma
Metals / Foundry
Automotive / ELV
Electronics / Batteries
Plastics / Rubber / Tyres
Food / Agro / Dairy
Oil / Used Oil
Paper / Printing
Textile / Leather
Wood / Biomass
Mining / Cement / Glass
Energy / CBG / Utilities
Environmental / Recovery
