Luma.Green — Platform Design Analysis & Product Strategy,,,,,
Priority,Platform problem,Recommended product capability,Why it matters,Core data objects,Build phase
1,Material chain stops too early at 'recycler'.,"Create explicit user types for pre-processor, washer, granulator, stripper, shredder, compounder, recovery processor and manufacturer.","Manufacturers buy specific intermediate grades, not generic 'waste'.","User, facility, process, material grade, lot",MVP
2,One physical material changes identity after every process.,Create a Material State graph: discarded → sorted → baled → processed → washed → flaked → pelletised → compounded → finished product.,Makes circular value visible and traceable.,"Material, state, transformation, output lot",MVP
3,By-products are mixed with waste.,"Separate Main Product, Saleable By-product, Recoverable Waste and Residual Waste.",Allows secondary streams to become new listings and revenue.,"Output stream, classification, downstream use",MVP
4,Price is material-grade dependent.,"Quote by grade + specification + geography + quantity, not only by broad material name.",Reduces price mismatch and failed trades.,"Material code, grade, QC, price, quantity",MVP
5,Small yards lack reliable B2B demand.,Buyer request board + standing purchase orders + recurring demand.,Improves yard working capital and reduces inventory days.,"Buyer profile, demand lot, preferred specs",Phase 2
6,Manufacturers need predictable feedstock.,Supplier qualification + samples + QC records + acceptance history.,Moves platform from scrap marketplace to industrial feedstock marketplace.,"Supplier, batch, COA/QC, acceptance",Phase 2
7,Compliance is fragmented.,Onboarding should verify registrations/consents relevant to the material and process; show expiry and status.,High-risk materials need controlled counterparties.,"Registration, consent, EPR/authorisation, expiry",MVP/Phase 2
8,Traceability is weak across multiple hand-offs.,"Every hand-off creates immutable transaction event with weight, price, timestamp, origin and destination.","Supports audit, EPR and dispute resolution.","Lot, transaction, weighment, invoice, logistics",MVP
9,Logistics can destroy margin.,Route optimisation and load consolidation by material/grade/route.,A low-value material can become uneconomic after freight.,"Pickup, vehicle, route, freight, load",Phase 2
10,Quality disputes can destroy trust.,"Digital QC checklist, photo evidence, sample upload and buyer acceptance status.",Turns 'trust' into a workflow rather than a rating alone.,"QC event, evidence, acceptance/rejection",Phase 2
11,Residual waste still needs a route.,Residual-routing engine should prohibit ordinary marketplace sale where controlled handling is required.,Protects the platform from uncontrolled movement of regulated waste.,"Residual type, authorised destination, manifest",MVP
12,Data is fragmented by material family.,Create a common taxonomy with family → grade → state → process → output.,Allows search across sectors and transformation chains.,"Material master, synonyms, grades, attributes",MVP
13,EPR/impact is secondary to trading.,Build mass-balance ledger: input weight → recovered products + by-products + residuals.,Creates verified impact metrics and chain-of-custody data.,"Mass balance, processing yield, destination",Phase 2
14,The platform should not merely 'sell waste'.,Position Luma.Green as a circular industrial material exchange with traceable transformation.,Creates a B2B value proposition beyond pickup.,"Marketplace, material graph, buyer demand, traceability",Scale
Recommended core architecture: Marketplace + Material Graph + Lot Ledger + QC Layer + Compliance Layer + Logistics + EPR/Impact.,,,,,
