Luma.Green — Industry-Wise Material / By-Product / Waste Matrix,,,,,,,,,,
Industry Group,Industry / Sub-sector,User / Role,Typical Input,Main Output / Product,Saleable Secondary Material / By-product,Recoverable Waste Stream,Residual Waste,Typical Next User,Material State,Platform / Regulatory Note
"1. Chemical, Petrochemical & Pharmaceutical",Basic & Inorganic Chemicals,Processor / Manufacturer,"Minerals, acids, alkalis, industrial chemicals","Acids, alkalis, salts, industrial chemicals",Recovered salts / reusable process chemicals where specification permits,"Spent acid/alkali, recoverable chemical residues","Treatment sludge, contaminated residues",Chemical recovery / authorised waste processor,Industrial chemical / secondary chemical,Exact material status depends on specification and legal route.
"1. Chemical, Petrochemical & Pharmaceutical",Organic & Specialty Chemicals,Processor / Manufacturer,"Organic feedstocks, solvents, intermediates","Organic chemicals, specialty chemicals, intermediates",Recovered solvents / off-spec streams suitable for recovery,"Spent solvents, reusable process residues","Still bottoms, contaminated sludge",Solvent recovery / chemical reprocessor,Recovered solvent / chemical intermediate,"Track purity, composition and hazard status."
"1. Chemical, Petrochemical & Pharmaceutical","Dyes, Pigments & Colour Chemicals",Processor / Manufacturer,"Dye intermediates, pigments, solvents, water","Dyes, pigments, colour intermediates",Recovered pigments / reusable intermediates where suitable,"Spent solvent, filter cake, process residues","Pigment/chemical sludge, contaminated containers",Chemical recovery / hazardous-waste processor,Dye / pigment intermediate,Separate reusable co-product from regulated waste.
"1. Chemical, Petrochemical & Pharmaceutical",Pesticides & Agrochemicals,Processor / Manufacturer,"Technical actives, solvents, carriers, additives",Technical pesticide / formulated pesticide,Recoverable solvent or off-spec material where authorised,"Contaminated packaging, solvent residues","Process sludge, rejected hazardous material",Authorised hazardous-waste processor,Chemical product / regulated residue,Do not list regulated hazardous residues as ordinary scrap.
"1. Chemical, Petrochemical & Pharmaceutical",Fertilizer & Nutrient Products,Processor / Manufacturer,"Fertilizer salts, minerals, additives",Fertilizer granules / blended nutrients,"Off-spec granules, fertilizer dust suitable for reprocessing","Sweepings, bag waste, filter residues",Contaminated sludge,Fertilizer reprocessor / authorised handler,Fertilizer secondary material,Quality and contaminant testing required.
"1. Chemical, Petrochemical & Pharmaceutical",Synthetic Resins & Polymer Resins,Processor / Manufacturer,"Monomers, catalysts, solvents, additives",Synthetic resins / formulated resin systems,Off-spec resin for controlled reprocessing,"Resin purge, recoverable solvent, contaminated packaging",Unrecoverable resin waste / sludge,Resin reprocessor / authorised handler,Resin regrind / recovered chemical,Capture polymer type and grade.
"1. Chemical, Petrochemical & Pharmaceutical","Paints, Coatings, Inks & Adhesives",Processor / Manufacturer,"Resins, pigments, solvents, additives","Paints, coatings, inks, adhesives",Off-spec product suitable for controlled recovery,"Solvent residues, paint/ink sludge, reusable containers",Unrecoverable hazardous sludge,Recovery / hazardous-waste processor,Recovered coating material,Segregate solvent and water-based streams.
"1. Chemical, Petrochemical & Pharmaceutical",Pharmaceuticals / APIs,Processor / Manufacturer,"Chemical intermediates, solvents, reagents, water","APIs, bulk drugs, formulations",Recovered solvent / selected process chemicals,"Spent solvent, mother liquor, rejected formulations",Hazardous process sludge / contaminated material,Authorised hazardous-waste processor,Recovered solvent / regulated residue,Unit-specific waste characterization is essential.
"1. Chemical, Petrochemical & Pharmaceutical","Detergents, Soaps & Cleaning Chemicals",Processor / Manufacturer,"Surfactants, oils/fats, alkalis, additives","Detergents, soaps, cleaners, phenyl",Off-spec formulation suitable for controlled rework,"Packaging waste, formulation residues",Treatment sludge / contaminated residues,Chemical reprocessor / waste handler,Chemical formulation / packaging scrap,Wastewater characteristics vary by formulation.
"1. Chemical, Petrochemical & Pharmaceutical",Industrial Solvent Recovery,Recovery Processor,Spent solvents / mixed solvent streams,Recovered solvent fractions,Recovered solvent by grade,"Still bottoms, spent filters, contaminated adsorbents",Unrecoverable hazardous residue,Chemical recovery / hazardous-waste processor,Recovered solvent,High-value circular stream where purity is controlled.
"2. Metallurgical, Foundry & Heavy Metal Industries",Integrated Iron & Steel,Manufacturer,"Iron ore, coke, flux, scrap","Pig iron, steel, billets, slabs",Steelmaking slag / recovered minerals where accepted,"Mill scale, metallic scrap, dust","Sludge, spent refractory, mixed residues",Slag processor / metal recycler,Ferrous secondary raw material,By-product status depends on specification and approved reuse.
"2. Metallurgical, Foundry & Heavy Metal Industries",Sponge Iron / DRI,Manufacturer,"Iron ore/pellets, reducing agent/fuel",Sponge iron / DRI,Char / recovered iron-bearing material where suitable,"DRI dust, iron-rich fines","Ash, kiln accretion, spent refractory",Metal recycler / mineral processor,Iron-rich secondary material,Segregate iron-rich fines.
"2. Metallurgical, Foundry & Heavy Metal Industries",Secondary Ferrous Metal Processing,Recycler / Processor,"Ferrous scrap, turnings, metal rejects","Ingots, billets, castings, rolled products","Steel slag, mill scale, recoverable scrap fractions","Metallic offcuts, furnace dust",Foundry slag / spent refractory,Metal recycler / slag processor,Ferrous scrap / secondary metal,Alloy segregation is commercially important.
"2. Metallurgical, Foundry & Heavy Metal Industries",Foundries,Processor / Manufacturer,"Metal scrap, alloys, moulding sand",Castings / metal components,Spent foundry sand suitable for approved reuse; runners/risers,"Metal dross, shot/blast media",Contaminated sand / dust / refractory waste,Foundry-sand recycler / metal recycler,Foundry sand / metal scrap,Reuse depends on contamination and end use.
"2. Metallurgical, Foundry & Heavy Metal Industries",Forging & Heat Treatment,Processor / Manufacturer,"Steel/aluminium billets, bars, components",Forged and heat-treated components,"Metal offcuts, scale for metal recovery","Grinding dust, machining scrap, used oil/coolant",Contaminated absorbents / treatment residues,Metal recycler / used-oil processor,Metal scrap / recovery stream,Keep alloy grades segregated.
"2. Metallurgical, Foundry & Heavy Metal Industries",Metal Rolling / Wire Drawing / Fabrication,Processor / Manufacturer,"Billets, coils, wire rod, sheets","Bars, sheets, wire, fabricated products","Metal trimmings, offcuts, scale","Machining swarf, grinding dust",Oil-contaminated residues,Metal recycler / oil recovery,Ferrous/non-ferrous scrap,Separate dry metal from oily swarf.
"2. Metallurgical, Foundry & Heavy Metal Industries",Surface Treatment & Electroplating,Processor / Finisher,"Metal components, acids, plating chemicals",Plated / anodized / treated components,Recovered metal-bearing solutions where permitted,"Metal-bearing sludge, spent acids/alkalis",Contaminated filter media / treatment sludge,Authorised metal recovery / hazardous-waste processor,Metal-bearing secondary material / regulated residue,Regulatory status depends on composition and process.
"2. Metallurgical, Foundry & Heavy Metal Industries",Aluminium Smelting / Secondary Aluminium,Processor / Recycler,"Aluminium scrap, alumina, flux",Aluminium ingots / billets,Aluminium dross / skimmings where recovery is available,"Metallic scrap, machining swarf",Salt slag / contaminated residues,Dross processor / non-ferrous metal recycler,Secondary aluminium / dross,Dross recovery should be a separate material route.
"2. Metallurgical, Foundry & Heavy Metal Industries",Copper Processing & Recycling,Processor / Recycler,"Copper scrap, insulated wire, copper-bearing residues",Copper metal / rods / refined fractions,"Copper-bearing dross, brass/copper fractions","Insulation/plastic fraction, dust",Slag / metal-bearing sludge,Copper recycler / metal recovery,Copper scrap / granules / secondary metal,Cable stripping and granulation can be separate users.
"2. Metallurgical, Foundry & Heavy Metal Industries",Zinc / Lead / Other Non-Ferrous Recovery,Processor / Recycler,"Metal scrap, dross, skimmings, residues",Zinc/lead/non-ferrous metal products,"Zinc dross, skimmings, metal-bearing residues","Dust, ash, metal fractions",Slag / hazardous residue,Authorised non-ferrous recovery,Secondary non-ferrous feedstock,Legal classification depends on source and composition.
"3. Automotive, ELV, Ship Breaking & Mechanical Engineering",Automobile Manufacturing,Manufacturer,"Steel, aluminium, plastics, glass, rubber, electronic components",Vehicles / automotive components,"Production scrap: steel, aluminium, copper, plastics","Machining swarf, used oils, coolant, packaging",Contaminated maintenance waste,Metal/plastic recycler / used-oil processor,Automotive production scrap,OEM scrap can be high-quality and traceable.
"3. Automotive, ELV, Ship Breaking & Mechanical Engineering",ELV Dismantling & Depollution,Pre-processor / Dismantler,End-of-life vehicles,Reusable components + segregated ferrous/non-ferrous/plastic streams,"Engines, gearboxes, catalyst-bearing parts, copper, aluminium, steel, plastics, tyres, glass","Used oil, coolant, batteries, filters","Airbags, contaminated materials, depollution residues",Authorised ELV recycler / material recycler,Dismantled components / segregated scrap,Depollution precedes material recovery.
"3. Automotive, ELV, Ship Breaking & Mechanical Engineering",Vehicle Shredding,Processor / Recycler,Prepared ELV shells / ferrous-heavy scrap,Ferrous and non-ferrous recovered metals,"Ferrous scrap, aluminium, copper, selected plastics","Glass, rubber, mixed plastics",Automotive shredder residue,Metal recycler / residual handler,Shred-derived metals / mixed polymer fraction,Track shredder residue separately.
"3. Automotive, ELV, Ship Breaking & Mechanical Engineering",Engineering & Fabrication,Processor / Manufacturer,"Metal sheets, sections, bars, bought-out components",Industrial equipment / fabricated assemblies,"Steel/aluminium offcuts, machining swarf","Grinding dust, welding consumables, packaging",Contaminated absorbents / mixed residue,Metal recycler / waste handler,Metal scrap,"Often clean, high-grade industrial scrap."
"3. Automotive, ELV, Ship Breaking & Mechanical Engineering",Ship Breaking,Dismantler / Pre-processor,End-of-life vessels,"Steel plate, machinery, copper, aluminium, reusable equipment","Ferrous/non-ferrous scrap, machinery, reusable fittings","Used oil, oily sludge, electrical/electronic scrap",Asbestos/paint/insulation contaminated residues where present,Authorised recycling / hazardous-waste routes,Ferrous/non-ferrous scrap / reused equipment,Hazardous materials require controlled routing.
"4. Electronics, Semiconductors, Batteries, E-Waste & Solar",Semiconductor Front-End Fabrication,High-spec Manufacturer,"Silicon wafers, photoresists, process chemicals, gases",Processed semiconductor wafers / dies,"Silicon wafer scrap, recoverable metals/chemicals where feasible","Broken wafers, metal-bearing process residues, solvent/chemical streams","Process sludge, contaminated consumables",Specialist material recovery / authorised processor,Silicon scrap / process residue,Actual recoverability is process-specific.
"4. Electronics, Semiconductors, Batteries, E-Waste & Solar",Semiconductor Packaging / ATMP,Processor / Manufacturer,"Bare dies, lead frames, substrates, moulding compounds",Packaged/tested semiconductor devices,"Lead-frame metal, packaging scrap, rejected components","Solder residues, moulding-compound scrap",Contaminated process consumables,Metal/plastic recycler / specialist recovery,Electronic production scrap,Lot/grade traceability can add value.
"4. Electronics, Semiconductors, Batteries, E-Waste & Solar",PCB Manufacturing & Electronics Assembly,Manufacturer,"Copper-clad laminates, components, solder, plastics",PCBs / electronic assemblies,"Copper-bearing scrap, rejected boards, component scrap","Solder dross, mixed electronic rejects, packaging",Chemical/process residues,E-waste / metal recovery / authorised handler,PCB scrap / copper-bearing scrap,Keep PCB grade and solder composition identifiable.
"4. Electronics, Semiconductors, Batteries, E-Waste & Solar",E-Waste Dismantling,Pre-processor / Dismantler,Waste electrical and electronic equipment,"Segregated PCB, ferrous, non-ferrous, plastics, glass, reusable parts","Copper, aluminium, ferrous metal, PCB, cables, reusable components","Low-value mixed plastics, damaged components",Hazardous fractions and residues,Authorised e-waste recycler / specialist refiner,Dismantled e-waste fractions,Authorised routing is critical.
"4. Electronics, Semiconductors, Batteries, E-Waste & Solar",E-Waste Recycling / Metal Recovery,Recycler / Recovery Processor,"PCB, cable, e-waste fractions, metal-rich residues",Recovered metals / separated material fractions,"Copper, aluminium, precious metals, plastics, glass","Leach residues, spent process chemicals",Metal-bearing sludge / slag / spent media,Specialist refiner / authorised route,Recovered metal / refined fraction,Recovery technology varies by feedstock.
"4. Electronics, Semiconductors, Batteries, E-Waste & Solar",Lead-Acid Battery Recycling,Recycler / Recovery Processor,Used lead-acid batteries / battery scrap,Recovered lead / alloys and polypropylene,"Lead alloy, polypropylene casing, electrolyte where feasible",Battery paste / lead-bearing process residues,"Slag, contaminated sludge, treatment residues",Lead recycler / authorised processor,Secondary lead / PP / battery fraction,Controlled processing and segregation required.
"4. Electronics, Semiconductors, Batteries, E-Waste & Solar",Other Battery Recycling,Recycler / Recovery Processor,Spent batteries / battery components,Recovered metal / battery-material fractions,Nickel/cobalt/lithium-bearing or other recoverable fractions where applicable,Black mass / separated battery materials,"Electrolyte, contaminated fines, treatment residues",Battery-material refiner / authorised handler,Battery secondary material,Battery chemistry must be captured.
"4. Electronics, Semiconductors, Batteries, E-Waste & Solar",Solar PV Module Recovery,Pre-processor / Recycler,End-of-life or damaged PV modules,"Recovered glass, aluminium, copper, selected fractions","Glass cullet, aluminium frame, copper cable, junction-box materials","Polymer encapsulant fraction, cell scrap",Mixed residual polymer / contaminated fractions,Glass/metal recycler / specialist PV recovery,PV dismantled fractions,Module design/chemistry affects recovery.
"5. Plastics, Synthetic Fibre, Rubber & Tyres",PET Collection & Baling,Collector / Yard / Aggregator,Post-consumer PET bottles,Sorted PET bottles / PET bales,PET bottle bales; segregated caps/closures if separated,"Labels, mixed polymer contamination","Dirt, non-recyclable contamination",PET flake pre-processor,PET bale,Core model: consumer → yard → pre-processor.
"5. Plastics, Synthetic Fibre, Rubber & Tyres",PET Flake Manufacturing,Pre-processor,PET bottle bales,Raw PET flakes,"Bottle cap/closure fraction, labels, ferrous/non-ferrous pickup fractions",PET fines / mixed polymer rejects,Dirt-heavy residuals,PET washing unit / recycler,Raw PET flakes,"Grade by polymer, colour and contamination."
"5. Plastics, Synthetic Fibre, Rubber & Tyres",PET Washing,Pre-processor,Raw PET flakes,Cold-washed or hot-washed PET flakes,Washed PET flakes; recovered caps/closures and labels by polymer,"Fine particles, label residue",Wash sludge / wastewater-treatment residues,rPET granulator / polyester producer,Washed PET flakes,Hot vs cold wash should be a distinct grade attribute.
"5. Plastics, Synthetic Fibre, Rubber & Tyres",rPET Granulation / Pelletising,Recycler / Processor,Clean PET flakes,rPET granules / pellets,Off-spec pellets suitable for controlled reprocessing,"Extrusion purge, filter residue",Unrecoverable contamination,Polyester / polymer processor,rPET pellets,"Track IV/PIV, colour and application/food-contact status where applicable."
"5. Plastics, Synthetic Fibre, Rubber & Tyres",Polyester / PSF / PFY Manufacturing,Processor / Manufacturer,"Polyester feedstock, recycled/virgin polymer feedstocks, process additives","PSF, PFY, polyester products","Fibre waste, off-spec polymer, process scrap",Start-up polymer/fibre waste,Contaminated process waste,Textile recycler / reprocessor,PSF / PFY / polyester,"DMT/PTA/MEG are process feedstocks, not generic additives."
"5. Plastics, Synthetic Fibre, Rubber & Tyres",Other Plastic Recycling (HDPE/PP/LDPE/PVC),Pre-processor / Recycler,Post-consumer / post-industrial plastics,Sorted flakes / regrind / granules / pellets,"Different polymer grades, caps, closures and clean offcuts","Fines, labels, mixed polymers",Wash sludge and rejects,Compounder / moulding processor,Plastic flakes / pellets,Polymer code and contamination are core trade attributes.
"5. Plastics, Synthetic Fibre, Rubber & Tyres",Plastic Compounding & Masterbatch,Processor / Compounder,"Polymer pellets/regrind, fillers, pigments, additives",Compounded pellets / masterbatch,Off-spec pellets suitable for rework,"Start-up purge, fines, packaging",Contaminated compound waste,Injection/film/extrusion manufacturers,Compounded polymer pellets,Record polymer family + filler + additive package.
"5. Plastics, Synthetic Fibre, Rubber & Tyres",Plastic Injection / Blow Moulding,Converter / Manufacturer,Polymer granules / regrind,"Preforms, bottles, containers, moulded products","Runners, sprues, start-up waste suitable for regrind","Off-spec products, contaminated scrap",Mixed/contaminated residual,Plastic reprocessor,Plastic production scrap,Internal regrind should be distinguished from traded scrap.
"5. Plastics, Synthetic Fibre, Rubber & Tyres",Foam / EPS / Thermocol,Manufacturer / Processor,Polymer beads/resin,Foam/EPS products,Clean EPS scrap / densified EPS,Foam offcuts,Contaminated EPS residue,Plastic recycler,EPS scrap / densified EPS,Clean post-industrial scrap has better recoverability.
"5. Plastics, Synthetic Fibre, Rubber & Tyres",Tyre Retreading,Processor / Reuser,"Used tyre casings, tread rubber",Retreaded tyres,"Retreadable casings, rubber buffings","Buffing dust, rejected casings",Contaminated/ragged residual,Rubber recycler / tyre processor,Retread casing / rubber scrap,Reuse should be distinguished from recycling.
"5. Plastics, Synthetic Fibre, Rubber & Tyres",Waste Tyre Shredding & Granulation,Pre-processor / Recycler,End-of-life tyres,Tyre chips / crumb rubber,"Recovered steel, rubber granules, fibre","Textile fibre, fines",Mixed residuals,Rubber goods / steel recycler / authorised processor,Tyre chips / crumb rubber / recovered steel,Granulometry is a core trade attribute.
"5. Plastics, Synthetic Fibre, Rubber & Tyres",Tyre Pyrolysis,Recovery Processor,Waste tyres,"Pyrolysis oil, carbonaceous solid, recovered steel, process gas","Recovered steel, process gas, recovered carbonaceous material subject to specification",Pyrolysis oil product,Ash / contaminated residue,Fuel processor / carbon processor / metal recycler,Pyrolysis oil / recovered carbon / steel,Track product specifications and regulatory status.
"6. Food, Agro-Processing, Dairy, Beverage & Animal Products",Rice & Grain Milling,Processor,"Paddy, grains, pulses","Milled rice, flour, pulses","Rice bran, broken rice, husk","Dust, rejected grain",Contaminated sweepings / wet residue,Feed manufacturer / biomass processor,Rice bran / husk / broken grain,By-products can have strong downstream markets.
"6. Food, Agro-Processing, Dairy, Beverage & Animal Products",Sugar Mills,Processor / Manufacturer,Sugarcane,Sugar,"Bagasse, molasses, press mud","Boiler ash, filter residues",Mixed wastewater sludge/residue,"Paper/board, distillery, compost/bio-input, biomass energy",Bagasse / molasses / press mud,Each stream should have a separate material record.
"6. Food, Agro-Processing, Dairy, Beverage & Animal Products",Distilleries / Ethanol,Processor / Manufacturer,Molasses / grain / fermentable feedstock,Ethanol / alcohol,"DDGS where applicable, recovered CO2, fusel oil",Spent wash / spent lees,Treatment residues,"CBG/biogas, feed, authorised processor",DDGS / CO2 / fusel oil / spent wash,Distinguish co-products from residuals.
"6. Food, Agro-Processing, Dairy, Beverage & Animal Products",CBG / Biogas from Organic Feedstocks,Waste Processor / Bioenergy,"Organic waste, crop residues, manure, process waste",CBG / biogas,"FOM/LFOM, digestate, biogas","Inert rejects, separated plastics",Treatment residue / non-digestible reject,"Agriculture, fuel users, authorised waste route",CBG / digestate / soil amendment,Feedstock traceability is a key data attribute.
"6. Food, Agro-Processing, Dairy, Beverage & Animal Products",Food Processing,Processor / Manufacturer,"Fruits, vegetables, grains, milk, other food inputs",Processed food,"Peels, seeds, pulp, reusable by-products where suitable","Organic rejects, packaging scrap",Mixed contaminated organic residues,Feed / compost / anaerobic digestion,Food organic by-product,Keep clean by-products separate from mixed waste.
"6. Food, Agro-Processing, Dairy, Beverage & Animal Products",Tea Processing,Processor,Green tea leaves,Processed tea,Tea dust/stems where sold or recovered,"Rejected leaves, packaging scrap",Contaminated sweepings,Feed/compost/biomass processor,Tea by-product,Value depends on grade and contamination.
"6. Food, Agro-Processing, Dairy, Beverage & Animal Products",Coffee Processing,Processor,Coffee cherries / beans,Processed coffee beans,"Coffee husk, pulp, mucilage","Rejected beans, organic waste",Contaminated residue,Compost/feed/biomass processor,Coffee by-product,Dry/wet processing changes the by-product profile.
"6. Food, Agro-Processing, Dairy, Beverage & Animal Products",Cashew Processing,Processor,Raw cashew nuts,Cashew kernels,"Cashew shells, testa, broken kernels","Dust, rejected kernels",Contaminated mixed residues,CNSL extraction / biomass / food ingredient processors,Cashew shell / CNSL feedstock / broken kernel,Shell and CNSL-related streams can support chemical value chains.
"6. Food, Agro-Processing, Dairy, Beverage & Animal Products",Dairy Processing,Processor / Manufacturer,Raw milk,"Milk, curd, butter, cheese, other dairy products","Whey, cream by-products where applicable","Rejected dairy products, packaging",Organic sludge / contaminated residue,Feed / ingredient / anaerobic digestion / waste handler,Whey / dairy by-product,Separate food-grade co-products from waste.
"6. Food, Agro-Processing, Dairy, Beverage & Animal Products",Fish Processing & Feed,Processor / Manufacturer,Fish and aquatic raw material,"Processed fish, fish meal/feed products","Fish offal, bones, scales where recoverable","Rejected material, feed dust",Organic residues,Fishmeal/feed / rendering / organic processor,Fish by-product,Cold-chain and quality metadata may matter.
"6. Food, Agro-Processing, Dairy, Beverage & Animal Products",Slaughterhouse / Animal By-products,Processor / Recovery,"Livestock, animal by-products",Meat and recovered animal products,"Hides, fats, bones, horns, hooves, rendered products","Blood, offal, organic process residues",Treatment/rendering residues,Rendering / leather / bone processor / authorised route,Animal by-product,Controlled handling and end-user eligibility matter.
"7. Edible Oil, Vegetable Oil & Used Oil Industries",Oilseed Processing / Crushing,Processor,Oilseeds,Edible oil and oil cake,"Oil cake, husk, seed residues",Filter residues,Contaminated sweepings,Feed / biomass processor,Oil cake / husk / seed residue,Feed and fuel markets can be separate.
"7. Edible Oil, Vegetable Oil & Used Oil Industries",Vegetable Oil Refining,Processor / Refiner,"Crude vegetable oil, chemicals, filter aids",Refined oils / fats,"Soapstock, gums, recovered oil fractions","Spent bleaching earth, filter residues",Contaminated treatment residue,Oil recovery / industrial ingredient / authorised handler,Soapstock / spent bleaching earth / gums,Quality and composition must be tracked.
"7. Edible Oil, Vegetable Oil & Used Oil Industries",Used Cooking Oil Collection,Collector / Aggregator,Used cooking oil,Segregated UCO,Used cooking oil suitable for authorised recovery/conversion,"Food solids, moisture contamination",Non-recoverable mixed residue,Biofuel / oleochemical processor,Used cooking oil,Source and contamination are important.
"7. Edible Oil, Vegetable Oil & Used Oil Industries",Used Lubricating Oil Recovery,Recovery Processor,Used/waste lubricating oil,Recovered base-oil fractions,Recovered oil fractions,"Sludge, filter residues, water",Spent clay / contaminated residuals,Base-oil / used-oil processor / authorised handler,Recovered base oil / used-oil fraction,Track viscosity/specification and source.
"8. Pulp, Paper, Printing & Paper-Converting Industries",Waste-Paper Collection & Baling,Collector / Yard / Aggregator,"Newspaper, OCC, mixed paper",Grade-separated paper bales,"OCC, newspaper, mixed-paper bales","Wet paper, plastic contamination, staples",Non-recyclable contamination,Paper mill / recycled-pulp unit,Paper bale,"Grade, moisture and contamination determine price."
"8. Pulp, Paper, Printing & Paper-Converting Industries",Recycled Pulp Manufacturing,Pre-processor / Recycler,Recovered paper bales,Recovered pulp / fibre,Recovered fibre fractions,"Plastic rejects, deinking residues","Pulp sludge, sand/contaminants",Paper/board mill / approved reuse route,Recovered pulp,Screen reject and sludge should be separate streams.
"8. Pulp, Paper, Printing & Paper-Converting Industries",Paper & Paperboard Manufacturing,Manufacturer,Pulp / recycled fibre / additives,"Paper, board and packaging grades","Paper trim, broke, recovered fibre where reusable","Screen reject, sludge",Treatment sludge / contaminated residue,Paper recycler / authorised processor,Paper production scrap,Broke can be internal or traded material.
"8. Pulp, Paper, Printing & Paper-Converting Industries",Corrugated & Packaging Converters,Converter / Manufacturer,Paperboard / kraftliner,"Boxes, cartons, packaging products","Paper trim, clean offcuts","Rejected cartons, adhesive-contaminated scrap",Mixed contaminated packaging residue,Paper recycler,Clean paperboard scrap,Clean trim can be closed-loop material.
"8. Pulp, Paper, Printing & Paper-Converting Industries",Printing & Ink,Printer / Chemical Manufacturer,"Paper, inks, coatings, solvents",Printed products / inks,"Clean paper trim, selected off-spec ink for controlled recovery","Ink sludge, solvent containers, plates/films",Contaminated waste,Paper / chemical recovery,Printed paper scrap / ink residue,Separate recyclable substrate from hazardous residue.
"9. Textile, Garment, Jute, Coir & Leather Industries",Textile Spinning & Weaving,Processor / Manufacturer,"Fibres, yarn, dyes/size as applicable","Yarn, grey fabric","Yarn waste, fabric selvedge, fibre waste","Fly, thread waste, packaging",Contaminated sweepings,Textile recycler / fibre reprocessor,Textile fibre / yarn scrap,Fibre composition is a key trade attribute.
"9. Textile, Garment, Jute, Coir & Leather Industries",Textile Wet Processing,Processor / Finisher,"Grey fabric/yarn, dyes, chemicals, water",Bleached/dyed/printed/finished textiles,"Clean textile offcuts, recoverable process chemicals where feasible","Textile sludge, dye liquor residues",ETP sludge / contaminated residues,Textile recycler / authorised waste handler,Textile scrap / regulated sludge,Wet-process residues need separate compliance treatment.
"9. Textile, Garment, Jute, Coir & Leather Industries",Garment & Apparel Manufacturing,Converter / Manufacturer,"Fabric, thread, trims",Garments / apparel,"Cutting waste, clean fabric scrap, rejected garments","Thread waste, packaging scrap",Mixed contaminated textile waste,Textile recycler / resale / reuse channel,Clean textile scrap,Post-industrial textile scrap can support fibre-to-fibre routes.
"9. Textile, Garment, Jute, Coir & Leather Industries",Textile Waste Reprocessing,Pre-processor / Recycler,Textile waste / garments,Recovered fibre / recycled yarn feedstock,Colour/fibre-separated fractions,"Short fibre, dust, blended reject",Wet-process sludge where applicable,Recycled yarn / nonwoven processor,Recovered textile fibre,Fibre composition and blend ratio are critical.
"9. Textile, Garment, Jute, Coir & Leather Industries",Jute Processing,Processor,Raw jute,Jute fibre / jute products,"Jute pith, jute dust, fibre waste",Dust/fines,Contaminated residue,Biomass / board / horticulture processor,Jute pith / fibre scrap,Jute pith is a potential separate tradable material.
"9. Textile, Garment, Jute, Coir & Leather Industries",Coir Processing,Processor,Coconut husk,"Coir fibre, coir pith, mats/products","Coir pith, fibre fines","Dust, screenings",Mixed contaminated residue,Horticulture / geotextile / board processor,Coir pith / fibre,Moisture and salinity can affect value.
"9. Textile, Garment, Jute, Coir & Leather Industries",Leather & Tanning,Processor / Manufacturer,"Hides/skins, tanning chemicals",Leather / finished leather,"Leather offcuts, trimmings, collagen-related by-products","Fleshing, hair, shaving dust",Chromium-bearing sludge / wastewater sludge,Leather recycler / authorised waste handler,Leather scrap / regulated residue,Chromium status is an essential material attribute.
"10. Wood, Timber, Furniture & Biomass-Board Industries",Saw Mills & Timber Processing,Processor,Logs / timber,Sawn timber,"Sawdust, bark, wood chips, offcuts",Dust and fines,Contaminated residue,Particleboard / pellet / briquette / biomass user,Sawdust / wood chips,Keep clean wood separate from treated/painted wood.
"10. Wood, Timber, Furniture & Biomass-Board Industries","Plywood, Veneer & Laminates",Manufacturer,"Timber/veneer, resin adhesives","Plywood, veneer, laminates","Clean veneer offcuts, wood chips","Wood dust, trimming scrap",Resin-contaminated residues,Board / biomass processor,Wood scrap / veneer waste,Adhesive chemistry affects end use.
"10. Wood, Timber, Furniture & Biomass-Board Industries",Particle Board / MDF / Composite Boards,Manufacturer,"Wood chips, sawdust, agricultural fibre, adhesives",Boards / composite panels,"Clean trim, sanding dust where reusable","Rejected board, dust",Adhesive-contaminated residuals,Board/biomass processor,Wood composite scrap,Distinguish clean industrial scrap from finished-board waste.
"10. Wood, Timber, Furniture & Biomass-Board Industries",Furniture Manufacturing,Manufacturer,"Wood/board, hardware, coatings",Furniture,"Wood offcuts, packaging material","Sawdust, coating waste",Paint/coating residue,Wood recycler / panel processor / authorised handler,Clean wood scrap,Furniture repair/reuse is a separate route.
"10. Wood, Timber, Furniture & Biomass-Board Industries",Biomass Briquette & Pellet Manufacturing,Pre-processor / Processor,"Sawdust, biomass residues, agro residues",Briquettes / pellets,"Oversize feedstock, fines recyclable internally",Dust / rejected biomass,Contaminated biomass residue,Industrial fuel user / biomass processor,Biomass fuel / fines,Fuel specification should be captured.
"11. Mining, Minerals, Cement, Bricks, Glass & Ceramics",Coal Mining & Washeries,Mineral Processor,Run-of-mine coal,Coal / washed coal,Coal fines where recoverable,Reject coal / washery fines,Overburden / sludge,Cement / power / mineral processor,Coal fines / mineral rejects,"Source, ash and moisture are essential attributes."
"11. Mining, Minerals, Cement, Bricks, Glass & Ceramics",Mineral Mining & Beneficiation,Mineral Processor,Mineral ore / rock,Concentrate / graded minerals,"Mineral fines, usable by-product minerals","Tailings, dust, slurry",Unusable overburden / residues,Mineral processor / construction-material user,Mineral fines / tailings,Reuse depends on mineralogy.
"11. Mining, Minerals, Cement, Bricks, Glass & Ceramics",Crushing / Grinding / Screening,Pre-processor,Rock/mineral feed,Graded aggregates / powders,"Stone dust, mineral fines",Screen rejects,Slurry where washing occurs,Construction-material user / mineral processor,Aggregate / mineral fines,Particle size is a core trading attribute.
"11. Mining, Minerals, Cement, Bricks, Glass & Ceramics",Cement / Clinker / Building Materials,Manufacturer,"Limestone, clinker, gypsum, supplementary materials",Cement / clinker / construction materials,"Cement dust/process fines, accepted secondary minerals",Rejected cement/product,Kiln/process residues,Cement / mineral processor,Mineral secondary material,Use as fuel/feedstock requires separate verification.
"11. Mining, Minerals, Cement, Bricks, Glass & Ceramics",Brick / AAC Block Manufacturing,Manufacturer,"Clay, fly ash, sand, cementitious inputs",Bricks / blocks,"Broken bricks, clean off-spec blocks","Cutting dust, rejects",Contaminated process residue,Aggregate / construction-material recycler,Brick/aggregate scrap,Separate reusable product from reject.
"11. Mining, Minerals, Cement, Bricks, Glass & Ceramics",Glass Manufacturing,Manufacturer,"Silica, soda ash, cullet, additives",Glass products / containers,"Glass cullet, reusable off-spec glass","Glass fines, refractory fragments",Contaminated glass/refractory residue,Glass recycler / aggregate user,Glass cullet,Colour and chemistry affect furnace value.
"11. Mining, Minerals, Cement, Bricks, Glass & Ceramics",Glass Recycling,Pre-processor / Recycler,Post-consumer glass,Sorted / crushed furnace-ready cullet,"Colour-separated cullet, glass fines where usable","Ceramics, stones, metals, mixed glass",Non-glass contamination,Glass manufacturer / aggregate user,Glass cullet,"Colour, contamination and particle size are important."
"11. Mining, Minerals, Cement, Bricks, Glass & Ceramics",Ceramics & Tiles,Manufacturer,"Clay/minerals, glazes",Ceramic products / tiles,Clean ceramic rejects for aggregate/raw-material use where accepted,"Ceramic scrap, glaze residues",Dust/sludge/refractory waste,Aggregate / ceramic processor,Ceramic scrap,Technical acceptance by end-user is important.
"11. Mining, Minerals, Cement, Bricks, Glass & Ceramics",Stone Cutting & Polishing,Processor,Blocks/slabs of stone,Slabs / tiles / cut stone,Stone offcuts / chips,Stone dust and slurry,Contaminated polishing residue,Aggregate / mineral processor,Stone scrap / mineral fines,Wet slurry should be separately tracked.
"11. Mining, Minerals, Cement, Bricks, Glass & Ceramics",Hot Mix / Asphalt Materials,Processor,"Aggregates, bitumen, recycled asphalt",Asphalt mix / road materials,Reclaimed asphalt pavement / clean aggregate,"Dust, rejects",Bituminous contaminated residues,Road-material / aggregate processor,RAP / aggregate scrap,Track gradation and bitumen content where relevant.
"12. Energy, Biomass, CBG, Hydrogen, Industrial Gas & Water",Coal-Based Thermal Power,Utility / Energy Producer,"Coal, water",Electricity,"Fly ash, bottom ash, gypsum where applicable","Boiler dust, process residues",Treatment sludge,Cement / brick / construction-material user,Fly ash / bottom ash / gypsum,By-product status and permitted end use must be verified.
"12. Energy, Biomass, CBG, Hydrogen, Industrial Gas & Water",Biomass Power,Utility / Energy Producer,Biomass / agro residues,Electricity,Biomass ash where accepted,Boiler residues,Contaminated residues,Cement / soil / material user where approved,Biomass ash,Fuel origin should be traceable.
"12. Energy, Biomass, CBG, Hydrogen, Industrial Gas & Water",CBG from Organic / Process Waste,Waste Processor / Bioenergy,"Organic waste, crop residues, process waste",CBG / biogas,"Digestate, FOM/LFOM, recovered biogas","Inert rejects, separated plastics",Non-digestible residuals,Agriculture / fuel users / waste handler,Digestate / CBG,A key closed-loop platform stream.
"12. Energy, Biomass, CBG, Hydrogen, Industrial Gas & Water",Briquette / Pellet Fuel,Pre-processor / Processor,Agro/wood/biomass residues,Briquettes / pellets,Fines and clean oversize feedstock,Dust / reject feedstock,Contaminated residue,Industrial boiler / power / thermal user,Biomass fuel,Fuel quality is critical for matching buyers.
"12. Energy, Biomass, CBG, Hydrogen, Industrial Gas & Water",Industrial Gas Production,Gas Producer,Air / industrial gas feedstocks,Industrial gases,Separated gas fractions as products,"Filter media, maintenance residues",Process/maintenance residues,Industrial gas user / authorised waste handler,Industrial gas product,"Not primarily a scrap chain, but useful as an industrial marketplace."
"12. Energy, Biomass, CBG, Hydrogen, Industrial Gas & Water",Water Purification / Distillation,Utility / Processor,Raw/process water,Purified / distilled water,Recovered salts in selected systems,"Reject water, spent filter media",Treatment sludge,Water-treatment / authorised waste route,Recovered salt / filter media,"Water is a service/product stream, not ordinary scrap."
"13. Environmental, Waste-Recovery & Special Material Processing",Dry-Waste Sorting / MRF,Pre-processor / Aggregator,Mixed dry recyclable waste,Grade-separated material streams / bales,"Paper, PET, HDPE, PP, metals, glass, textiles","Mixed low-value plastics, fines, rejects",Non-recyclable residual waste,Specialist recycler / yard,Sorted material / bale,This is a core Luma.Green user type.
"13. Environmental, Waste-Recovery & Special Material Processing",Hazardous-Waste Pre-Processing,Pre-processor / Recovery,Hazardous/industrial waste streams,Conditioned/recovered material or fuel feedstock where authorised,"Recovered solvents, oils, metals or other accepted material",Treated/conditioned feed fractions,Hazardous sludge / unrecoverable residue,Authorised recovery / TSDF / co-processor,Recovered hazardous stream / residual,Material must remain compliance-controlled.
"13. Environmental, Waste-Recovery & Special Material Processing",CETP / ETP / ZLD Support,Treatment Service,Industrial effluent,Treated water / recovered salts where feasible,Recovered salt/chemical fractions in selected systems,"ETP sludge, filter cake",Hazardous/contaminated treatment residue,Authorised waste handler / recovery facility,Treatment by-product / regulated waste,Primarily a compliance/service module.
"13. Environmental, Waste-Recovery & Special Material Processing",Solvent / Acid Recovery Facility,Recovery Processor,Spent solvent / spent acid,Recovered solvent / acid,Recovered chemical stream,Still bottoms / spent media,Unrecoverable hazardous residue,Chemical processor / authorised route,Recovered chemical,High-value industrial recovery node.
"13. Environmental, Waste-Recovery & Special Material Processing",E-Waste / Battery Authorised Recycler,Recycler / Recovery Processor,E-waste / battery waste,Recovered metals and material fractions,"Copper, aluminium, plastics, glass, recovered battery materials","Leach residues, process sludge, spent media",Hazardous treatment residual,Specialist refiner / authorised handler,Recovered metal / secondary battery material,Use registration/authorisation verification in onboarding.
"13. Environmental, Waste-Recovery & Special Material Processing",C&D Recycling,Pre-processor / Recycler,"Concrete, bricks, asphalt, masonry",Recycled aggregate / sand / road material,"Steel, clean wood, recovered aggregate","Fine dust, mixed C&D rejects",Mixed residual / contaminated material,Construction-material user / recycler,Recycled aggregate / C&D fractions,"Separate concrete, masonry, metal, wood and mixed waste."
