Luma.Green Material Flow — End-to-End Operating Workflow,,,,,,,,,
Stage,Primary user,Action,Incoming material state,Outgoing material state,Data captured,Next buyer/user,Commercial event,Compliance/traceability event,Platform feature
1,Generator / Consumer,Create material,Discarded material,Pickup request / transaction,"Material family, source, approximate quantity, photo","Household, office, hotel, factory",,,
2,Saathi / Collector,Collect & weigh,Loose material,Verified collected lot,"Weight, date/time, location, source",Kabadiwala / DWC / Yard,,,
3,Kabadiwala / DWC,Sort & aggregate,Mixed/unsorted material,Grade-separated material,"Grade, contamination, moisture estimate",Yard / Pre-processor,,,
4,Yard / Aggregator,"Bulk, bale, consolidate",Sorted material,Trade-ready bale / lot,"Net weight, bale count, buyer quote, transport",Pre-processor / Recycler,,,
5,Pre-processor,Mechanical/physical preparation,Bale / loose feedstock,"Flake, regrind, chips, stripped wire, cullet, pulp etc.","Process type, yield, grade, contamination, dimensions",Recycler / Intermediate Processor,,,
6,Washer / Cleaning Unit,Wash / clean / separate,Raw flakes / feedstock,Clean washed material,"Hot/cold wash, moisture, contamination, water-loss/residue",Granulator / Recycler / Manufacturer,,,
7,Recycler / Recovery Processor,Reprocess / recover,Prepared feedstock,"Granules, pellets, ingots, secondary metals, recovered chemicals","Recovery yield, specification, QA result",Compounder / Manufacturer,,,
8,Compounder / Intermediate Processor,Blend / modify,Recycled material + additives/feedstocks,Compounded pellet / intermediate,"Recipe family, grade, additive package, batch",Manufacturer,,,
9,Manufacturer,Convert into finished product,Secondary raw material / intermediate,Finished product,"Production batch, recycled content, quality certificate",Brand / Industrial customer,,,
10,By-product Buyer,Buy secondary stream,By-product / recoverable fraction,New industrial input,"Material specification, contamination, application",Another processor,,,
11,Residual Waste Handler,Collect controlled residual,Sludge / unrecoverable residue,Treatment / disposal record,"Waste class, quantity, manifest, destination",Authorised recycler / TSDF / co-processor,,,
12,Brand / EPR / Auditor,Verify chain-of-custody,Transaction + processing records,Traceability / EPR evidence,"Source, weight, processor, dates, certificates",Brand / regulator / auditor,,,
