By-Product Marketplace — Turn Secondary Streams Into Separate Tradeable Materials,,,,
Material / By-product,Generated By,Commercial Status,Potential Next Use / Buyer,Required QC / Matching Attribute
Bagasse,Sugar mill,Saleable co-product / by-product,"Paper/board, biomass fuel, CBG","Buyer specification, moisture"
Molasses,Sugar mill,Saleable co-product,"Distillery, ethanol, CBG, chemicals","Brix, fermentability"
Press mud,Sugar mill,Saleable by-product,Compost/bio-input,"Moisture, organic content"
Rice husk,Rice mill,Saleable by-product,"Biomass fuel, silica processing, boards","Moisture, ash"
Rice bran,Rice mill,Saleable by-product,"Feed, oil extraction","FFA, moisture"
Coffee husk/pulp,Coffee processor,Saleable by-product,"Compost, biomass, ingredient routes","Moisture, contamination"
Cashew shell,Cashew processor,Saleable by-product,"CNSL extraction, biomass","Moisture, shell quality"
CNSL,Cashew shell processor,Recovered product,"Cardanol, resins, coatings, specialty chemicals","Acid value, viscosity, moisture"
Whey,Dairy,Saleable co-product,Food/feed/ingredient processing,"Protein, solids, quality"
Fish offal,Fish processor,Saleable by-product where authorised,Fishmeal/rendering/biological processing,"Freshness, moisture"
Hides/skins,Slaughterhouse,Saleable by-product,Leather industry,"Quality, preservation"
Bones,Slaughterhouse,Saleable by-product,Bone meal/gelatin/other authorised processing,"Cleanliness, moisture"
Fly ash,Thermal power,Saleable/regulated by-product depending on application,"Cement, blocks, construction materials","Source, fineness, LOI/quality"
Bottom ash,Thermal power,Recoverable mineral stream,Aggregate/construction where accepted,"Gradation, contamination"
Slag,Steel/non-ferrous industry,Recoverable by-product where accepted,Aggregate/cement/metal recovery,"Chemistry, free metal"
Mill scale,Steel mill,Saleable iron-bearing secondary material,Sinter/steel processing where accepted,"Iron %, oil contamination"
Foundry sand,Foundry,Potential recoverable by-product,Construction/material reuse where approved,"Grain size, binder/contamination"
Metal dross,Non-ferrous processor,Recovery feedstock,Dross recovery,"Metal %, salt/oxide content"
PET labels,PET flake plant,Recoverable secondary material,Polyolefin/label recovery routes,"Polymer type, contamination"
PET caps,PET flake plant,Saleable secondary material,PP/HDPE recycling,"Polymer type, colour"
Plastic fines,Plastic processor,Recoverable fraction,Compounding/controlled reprocessing,"Polymer purity, size"
Paper trim,Paper converter,Clean secondary raw material,Paper mill/recycler,"Moisture, grade"
Pulp sludge,Paper mill,Residual / possible approved reuse,"Board, cement/co-processing where accepted","Moisture, ash, contamination"
Textile cutting waste,Garment factory,Saleable secondary material,Textile recycling/nonwoven,"Fibre composition, colour"
Wood sawdust,Sawmill,Saleable by-product,Pellet/board/briquette,"Moisture, wood type"
Tyre steel,Tyre recycler,Saleable recovered material,Steel recycler,"Steel purity, rubber contamination"
Crumb rubber,Tyre recycler,Saleable recycled material,Rubber goods,"Mesh size, fibre/steel content"
C&D concrete,Demolition,Recoverable material,C&D recycling,"Contamination, size"
Glass cullet,Glass processor,Saleable recycled material,Glass furnace,"Colour, ceramic/metal contamination"
E-waste copper,E-waste recycler,Saleable recovered metal,Copper processor,"Purity, source"
