User / Role,Type,Can GENERATE / SELL (outputs),Can BUY / PROCESS (inputs),Notes
Consumer / Household,End user (waste generator),"PET bottles, HDPE containers, LDPE carry bags & film, PP packaging, newspapers (ONP), magazines, cardboard (OCC), glass bottles/jars, steel & iron scrap, aluminium foil & UBC, copper/brass items, e-waste (phones, cables, small appliances), batteries, tyres, old clothes/footwear/textiles, mattresses, UCO",Nothing — disposal is the end of their role (bin or kabadiwala pickup),The 'first mile'. Waste is generated mixed and unsegregated; Luma's job starts at the hand-off.
Saathi / Waste picker,Informal collector,"Same dry recyclables as household, picked from streets/dumps; unsegregated mixed dry waste",Nothing (labour only),Sells to kabadiwala or dry-waste centre; NAMASTE ID + scrap-sale receipts as proof of occupation.
Kabadiwala,Micro-trader / sorter,"Sorted material in ~26 Luma codes: loose PET, HDPE, LDPE film, paper, cardboard, glass, ferrous, aluminium, copper/brass, e-waste, batteries",Buys from households and Saathis,First sorting step. Own prices above the admin floor. No baling at this level (space/capex).
Dry-waste centre / MRF,Sorting facility,"Graded, compressed bales of PET/HDPE/LDPE film, OCC/ONP bundles, sorted glass cullet by colour, bagged non-ferrous","Buys loose sorted material from kabadiwalas, Saathis, households (bulk generators)",City-agreement holder. Daily weight sheet + sale register are legal records Luma digitises.
Yard / Aggregator,Trader / baler  ← YOUR 'user who makes the bale',"PET bales, HDPE bales, LDPE film bales, OCC/ONP bales, HMS bundles, UBC bales, sorted e-waste lots",Buys loose material from kabadiwalas / centres / other yards,Compression & grading into trade-ready bales (ISRI/EN grade names). Sells bales to PRE-PROCESSORS. KSPCB White item 3 (baling of waste paper) sits here.
PRE-PROCESSOR,NEW ROLE — converter of bales into processable feedstock,"PET flakes (cold-washed / hot-washed), HDPE/PP flakes & regrind, LDPE agglomerate & granules, granulated copper (cable), shredded steel/tin (SRS), tyre chips & crumb, battery paste & separated PP casing, dismantled e-waste fractions, ELV-depollution fractions, recycled aggregates (C&D), reclaimed foundry sand, washed glass cullet","Buys bales/lots from yards; e-waste, batteries, tyres, used oil ONLY from verified channels","The missing link in India's chain. Converts a bale (trade unit) into flakes/granules (factory unit). Orange 1326 (PET flakes), 1366 (plastic reprocessing), 1405 (scrapping centres), 1414 (C&D crushing), 1424 (TPO), 1587 (sand reclamation) live here. Needs pollution-board consent + EPR registration where applicable."
Recycler,Registered recycler / re-refiner,"rPET resin & food-grade chips, recycled PP/PE granules, aluminium ingots/de-oxidised aluminium, copper cathode/blister, lead ingots & alloys, re-refined base oil, crumb rubber & recovered steel, recycled pulp/paper, recovered metals from e-waste","Buys flakes, granules, pastes and fractions from PRE-PROCESSORS",Makes EPR certificates on CPCB portals. Certificates rest on pre-processor + yard + kabadiwala chain-of-custody.
Manufacturer / Converter,"Factory (PSF, pipes, sheets, yarn, TMT, ingots)","Finished goods: PSF (polyester staple fibre), POY/DTY yarn, pipes, sheets, straps, TMT bars, ingots, reprocessed paper","Buys granules/chips/ingots from recyclers; adds DMT, TiO2, masterbatch, stabilisers","PSF example: rPET chips + additives (TiO2 delustrant, DMT for repolymerisation, colour masterbatch) → melt-spinning → PSF → yarn → textiles."
Brand (EPR obligated),Producer / importer,Buys EPR certificates; claims recycled content,Needs proof of chain-of-custody from registered processors,"Luma supplies evidence, never certificates."
