Material / chain,Step,User (role),Input,Process,OUTPUT (what this user can sell),Quality / grade / spec,By-product & waste generated,Sells to (next user)
PET,1,Consumer,PET beverage bottle (post-consumer),Uses & disposes to bin or sells to kabadiwala,"Empty bottle, caps & labels on","Mixed colours, residual liquid","Residual liquid, caps/rings (PP), labels (PVC/PET)",Kabadiwala
PET,2,Kabadiwala,Loose PET bottles,"Collects, drains, rough-sorts by colour",Loose sorted PET,Clear / light-blue / green / mixed,"Dirty, oily or PVC-labelled reject bottles",Yard / Dry-waste centre
PET,3,Yard / DWC,Loose sorted PET,"Grading, de-label where paid, hydraulic baling (≈150–250 kg bales)",PET BALE,ISRI-style: clear-dominated bales; contamination ≤2–5%,"Broken bottles, sweepings",PRE-PROCESSOR (flaker)
PET,4,PRE-PROCESSOR,PET bales,"De-baling, optical/manual sorting, shredding, cold washing (caustic + friction), float-sink separation",COLD-WASHED PET FLAKES,Clear/light blue/mixed; IV ≈0.60–0.64; moisture <1%,"PP caps & rings, PVC/label flakes, fines, dirty wash water, sludge",Granulator / Recycler
PET,5,PRE-PROCESSOR (hot-wash line),Cold-washed flakes,"Hot washing (85–95 °C caustic), rinsing, drying",HOT-WASHED PET FLAKES,Food-contact-ready cleanliness; IV ≈0.64–0.70; PVC ≤50 ppm,"Label pulp, glue, fines, spent caustic",Granulator / food-grade recycler
PET,6,PRE-PROCESSOR / Recycler,Washed flakes,"Extrusion, filtration (60–120 mesh), vacuum degassing, pelletising",rPET GRANULES / CHIPS,Transparent or coloured; IV restored to 0.70+,"Filter residue (paper, PVC gels), VOCs, black specks",Converter (PSF / sheet / strap)
PET,7,Manufacturer (fibre),rPET chips,"Melt-spinning with additives — TiO2 (delustrant), DMT (repolymerisation), spin finish",PSF (polyester staple fibre),1.2–15 denier; staple lengths cut to order,"Off-spec fibre, spin-finish mist",Spinner / non-woven maker
PET — alternate route,7,Manufacturer (sheet/bottle-to-bottle),Hot-washed flakes / rPET chips,SSP decontamination → sheet extrusion → thermoforming,rPET sheet / food-grade preforms,FDA/EFSA-compliant via challenge test,"Edge trim (regrind, loops back)",Bottle / tray maker
HDPE,1,Consumer → Kabadiwala → Yard,"HDPE bottles, jerry cans, crates, caps",Collect → sort → bale,HDPE BALE,"Milk-bottle grade, colour-sorted","Labels, caps (PP), residues",PRE-PROCESSOR
HDPE,2,PRE-PROCESSOR,HDPE bales,"Shred, wash (hot), float-sink, dry",HDPE FLAKES / REGRIND,Natural/white/coloured; MFI per grade,"PP caps, dirty water, sludge",Granulator
HDPE,3,PRE-PROCESSOR → Recycler,Flakes,Melt-filter-pelletise,HDPE GRANULES (rHDPE),MFI 0.2–1.0 for blow/injection,Filter cake,Converter
HDPE,4,Manufacturer,rHDPE granules,Injection/blow moulding,"Pipes, crates, jerry cans, monofilament (dori)",IS 4984 for pipes,Runners (regrind back),End market
LDPE/LLDPE film,1,Consumer → Kabadiwala → Yard,"Carry bags, shrink wrap, agricultural film","Collect → sort (dry, clean) → bale",LDPE FILM BALE,"Clean, dry; minimal multilayer",Multilayer/kraft-contaminated rejects,PRE-PROCESSOR
LDPE/LLDPE film,2,PRE-PROCESSOR,Film bales,"Agglomeration (compactor), extrusion with filtration",LDPE GRANULES / AGGLOMERATE,MFI 0.3–2.0; natural or coloured,"Wet sludge, paper/kraft rejects",Converter
LDPE/LLDPE film,3,Manufacturer,rLDPE granules,Film extrusion / injection,"Garbage bags, packaging film, pipes, mats, tarpaulin",As per order,Trim (loops back),End market
PP,1,Consumer → Kabadiwala → Yard,"Buckets, crates, chairs, Raffia, battery casing",Collect → sort → bale/regrind,PP BALE / REGRIND,Homo/co-polymer split; battery casing only to registered battery handlers,"Labels, dirt",PRE-PROCESSOR
PP,2,PRE-PROCESSOR → Recycler,PP regrind/flakes,"Wash, extrude, pelletise",PP GRANULES (rPP),MFI 3–25 for injection/raffia,Filter cake,Converter
PP,3,Manufacturer,rPP granules,Injection / Raffia / strapping,"Crates, chairs, woven sacks, straps",As per order,Runners,End market
Paper,1,Consumer → Kabadiwala → Yard,"Newspaper (ONP), magazines, office paper, cardboard (OCC)",Collect → sort → bale,ONP BALE / OCC BALE (White cat. 3: baling),"ISRI grades (ONP 58, OCC 11); moisture ≤12%; prohibitives ≤1–2%","Wet, food-soiled paper, thermocol, MLM packets (low value / not bought)",PRE-PROCESSOR (pulper) / paper mill
Paper,2,PRE-PROCESSOR / Paper mill,ONP/OCC bales,"De-baling, hydrapulping, cleaning (high-density cleaner), screening; de-inking for writing & printing grade (bleached); no de-ink for kraft (KSPCB Red 1149 vs 1150)",RECYCLED PULP,Brightness as per grade; kraft for liner,"Plastic rejects, staples, grit, de-ink sludge, short fibre rejects",Paper machine
Paper,3,Paper mill,Recycled pulp,"Forming, pressing, drying",Kraft paper / writing & printing paper,GSM as per order,"Broke (loops back), effluent to ETP, ETP sludge",Converter / brand
Ferrous scrap,1,Consumer → Kabadiwala → Yard,"Iron/steel items, machinery, structural scrap",Collect → sort → shear/bale,"HMS 1&2 bundles, plate & structural (P&S), turning/boring","ISRI 200–202 (HMS), IS 2549; size <1.5 m for furnace","Non-ferrous attachments, oil/grease, friable waste",PRE-PROCESSOR (shredder) / steel unit
Ferrous scrap,2,PRE-PROCESSOR (shredder),"HMS bundles, auto bodies, ELV hulks","Shredding, magnetic separation, media separation (zinc/copper/brass/fluff recovery)","SHREDDED STEEL (dense, ≤50 mm)","Clean, high-density furnace feed; ISRI Shredded 210/211","Shredder residue (ASR fluff), non-ferrous zorba/zurik, copper meatballs (to NF recovery)",Steel melt shop (induction/EAF)
Ferrous scrap,3,"Steel unit (Induction/EAF — Orange 1322/1370, Red 1165 if large)",Shredded steel / DRI / pig iron,"Melting, refining, casting","Billets, blooms, TMT bars",IS 2062 / IS 1786,"Slag (uses: cement, road), bag-house dust, refractories",Rolling mill → construction
Aluminium,1,Consumer → Kabadiwala → Yard,"UBC (cans), foil, extrusion, castings, sheet offcuts",Sort → bale / de-coat loose,"UBC BALE / TAINT/TABOR (sheet), TENSE (cast)","ISRI UBC: <7% other metals, free of foil laminate? (UBC spec); moisture/dirt removed","Steel/plastic attachments, dirty foil",PRE-PROCESSOR / secondary smelter
Aluminium,2,PRE-PROCESSOR → Secondary smelter,"UBC bales, scrap","De-baling, shredding, de-coating (pyro), melting, fluxing",ALUMINIUM INGOTS / de-oxidised aluminium / rolling slab,Al 98–99.7% as per grade; ISRI spec feed,"Dross (to dross mill — Orange 1337 streams), salt slag (HW), off-gas",Rolling mill / foundry
Copper & cable,1,Consumer → Kabadiwala → Yard,"Copper wire, cable, motor windings, brass, bronze","Sort, strip, bundle","COPPER BERRY/CANDY, cable (DRUID/ jelly-filled), BRASS HONEY/EBONY",ISRI 2400-series; minimal insulation,"Insulation (PVC/rubber), steel armouring",PRE-PROCESSOR (cable granulator)
Copper & cable,2,PRE-PROCESSOR (cable granulation),Insulated copper cable,Dry granulation + air/table separation,COPPER GRANULES (≥99% Cu) + PVC GRANULES,Copper to smelter purity; PVC regrind saleable,"Fine dust, fluff",Copper smelter / PVC recycler
Copper & cable,3,Copper smelter / refinery,"Copper granules, blister, secondary scrap","Smelting, converting, electro-refining",COPPER CATHODE (99.99%),LME-grade / IS 191,"Slag (Fe-silicate), dust (HW — Cd/Pb/As), anode slime (Ag/Au/Pt — recovered)",Wire rod / brass mills
Tyres,1,Consumer/retreader → Yard,End-of-life tyres (whole),"Collect, de-bead? (kept at pre-processor), store",Whole tyres / tyre lots,"No rims, minimal water; EPR-tyre category",—,PRE-PROCESSOR (tyre recycler)
Tyres,2,PRE-PROCESSOR (tyre shredding / pyrolysis),Whole ELTs,De-beading → primary shred (50 mm) → granulation (1–4 mm crumb) OR pyrolysis (Red 1178/1424),CRUMB RUBBER + RECOVERED STEEL + TPO (tyre pyrolysis oil) + RECOVERED CARBON BLACK,"Crumb 1–4 mm, steel >99% liberated, TPO as fuel oil spec","Fibre fluff, dust, emissions (pyrolysis — controlled)",Asphalt modifier / moulded products; TPO to cement/fuel; steel to melt shop
Lead-acid batteries,1,Consumer → Kabadiwala → Yard,"Spent lead-acid batteries (intact, drained)","Collect with terminals taped, store upright on bunded pallets",Intact battery lots,ISRI RAINS/RAILS/RAKES; no cracked/leaking units without HW handling,"Acid (contained at breaker), damaged cases",REGISTERED battery recycler only (Red 1122/1128)
Lead-acid batteries,2,PRE-PROCESSOR (battery breaker) — inside registered recycler,Intact batteries,Mechanical breaking & separation,LEAD PASTE + LEAD GRIDS/TERMINALS + PP CASING + spent ACID,Paste to desulphurisation; grids ≥94% Pb; clean PP chips,"Acid (neutralised/recovered as Na2SO4), separator paper",Smelter/refinery (ingots) / PP recycler
Lead-acid batteries,3,Lead smelter / refinery,"Paste, grids, soft/hard lead scrap","Smelting, refining, alloying",LEAD INGOTS / calcium or antimonial alloys,≥99.9% Pb (LME-linked pricing),"Slag, dross, bag-house dust (HW — Pb), emissions",Battery maker (closed loop)
E-waste,1,Consumer → Kabadiwala → Yard,"Phones, laptops, cables, small appliances, boards","Collect, remove batteries, bulk lots",E-WASTE LOTS (itemised),Fridge/AC (CFC-bearing) to authorised dismantlers only,Batteries removed upstream,AUTHORISED dismantler (Red 1120/1121)
E-waste,2,PRE-PROCESSOR (authorised dismantler),E-waste lots,"Depollution, manual dismantling, mechanical separation","FRACTIONS: bare boards, motors, copper wire, aluminium, steel, plastics, CRT glass, batteries, toner",Boards to precious-metal recovery; streams kept separate,"Cables' insulation, mixed plastics, residues",Precious-metal smelter / metal recyclers / EPR portal records
Used oil,1," garages, industries, yards →",Used lubricating oil,"Collect in sealed drums, test (flash, water, PCB-screen)",USED OIL (Category I–V),As per Used Oil Rules specs,"Contaminated drums, rags",REGISTERED re-refiner / co-processor
Used oil,2,PRE-PROCESSOR (re-refinery),Used oil,"De-watering, distillation (acid-clay or thin-film), clay finishing",RE-REFINED BASE OIL / fuel oil blendstock,Group I/II base oil; or TPO-like fuel fraction,"Acid sludge, spent clay (HW), light ends",Lube blender / fuel user
Glass,1,Consumer → Kabadiwala → Yard,Glass bottles & jars,"Collect, sort by colour (flint/amber/green)",COLOUR-SORTED CULLET (crushed at glassworks or clean whole),"≥98% container glass; no ceramics, stones, metal caps","Caps, labels, broken fines",PRE-PROCESSOR (cullet crusher) / glass plant
Glass,2,PRE-PROCESSOR → Glass plant,Sorted cullet,"Crushing, magnetic/eddy-current removal, sizing (8–40 mm)",FURNACE-READY CULLET,Contaminants <25 ppm ceramics/metals,"Ceramic/stone rejects, dust",Container glass furnace → new bottles (bottle-to-bottle loop)
C&D waste,1,Builder/demo → Yard,"Concrete, bricks, mortar, tiles","Collect (no steel-reinforced without prior processing), segregate",C&D LOTS,Clean inert only,"Timber, plastic, gypsum (separate streams)",PRE-PROCESSOR (C&D plant — Orange 1414)
C&D waste,2,PRE-PROCESSOR (C&D crushing & screening),C&D lots,"Jaw/impact crushing, screening, de-dusting",RECYCLED CONCRETE AGGREGATE (20/40 mm) + MANUFACTURED SAND + fines,Aggregate per IS 383; sand for masonry/levelling,"Reinforcement steel (to scrap yard), oversize (re-crush), dust",RMC plants / road base / block makers
Textiles,1,Consumer → Kabadiwala → Yard,"Old clothes, curtains, uniforms, footwear","Collect, sort wearable vs rags",SORTED TEXTILE BALES (re-wear) / RAG LOTS,"Clean, dry, paired",Soiled/wet rejects,Rewear exporters / PRE-PROCESSOR (ragging)
Textiles,2,PRE-PROCESSOR (ragger/fibre opener),Rag lots,"Cutting, garnetting/opening, blending",SHODDY FIBRE / wiping rags / insulation batting,Fibre length & blend per order,"Buttons/zips (to NF scrap), dust",Blanket/yarn/insulation makers
Solar panels (EoL),1,Installer/consumer → Yard,End-of-life / damaged PV panels,"Collect intact, junction boxes & cables stripped where economical",SOLAR PANEL LOTS,Glass intact; Al frames on,"Cabling (to copper stream), inverters (e-waste)",AUTHORISED recycler (EPR e-waste)
Solar panels (2),PRE-PROCESSOR (authorised PV dismantler),Solar panel lots,"Frame removal, glass separation, delamination, shredding of laminate",ALUMINIUM FRAMES + GLASS CULLET + EVA/backsheet fraction + SOLAR CELLS (Si/Ag bearing),Ag/Si recovered via metallurgical route,Laminate fluff (HW-tagged per e-waste rules),Metal recovery / cell reprocessing,
